period_id,component,lifecycle_count,average_value,maximum_value,average_pnl_pct,average_mae_pct,average_giveback_pct,late_reduction_rate_pct
"ALL","TREND",4,0.211542,1,1.144647,-1.87513,1.665199,100
"ALL","MOMENTUM",4,0.481063,1,1.144647,-1.87513,1.665199,100
"ALL","GIVEBACK",4,0.475125,1,1.144647,-1.87513,1.665199,100
"ALL","VWAP",4,0.227187,1,1.144647,-1.87513,1.665199,100
"ALL","VOLATILITY",4,0.798416,1,1.144647,-1.87513,1.665199,100
"ALL","TIME",4,0.880415,1,1.144647,-1.87513,1.665199,100
"lifecycle-validation-1790281887271788400-period-01","TREND",2,0.202857,1,-2.489727,-2.672291,1.762567,100
"lifecycle-validation-1790281887271788400-period-01","MOMENTUM",2,0.417396,1,-2.489727,-2.672291,1.762567,100
"lifecycle-validation-1790281887271788400-period-01","GIVEBACK",2,0.618737,1,-2.489727,-2.672291,1.762567,100
"lifecycle-validation-1790281887271788400-period-01","VWAP",2,0.393505,1,-2.489727,-2.672291,1.762567,100
"lifecycle-validation-1790281887271788400-period-01","VOLATILITY",2,0.830529,1,-2.489727,-2.672291,1.762567,100
"lifecycle-validation-1790281887271788400-period-01","TIME",2,0.876969,1,-2.489727,-2.672291,1.762567,100
"lifecycle-validation-1790281887271788400-period-02","TREND",2,0.220227,1,4.779021,-1.077968,1.567831,100
"lifecycle-validation-1790281887271788400-period-02","MOMENTUM",2,0.54473,1,4.779021,-1.077968,1.567831,100
"lifecycle-validation-1790281887271788400-period-02","GIVEBACK",2,0.331513,1,4.779021,-1.077968,1.567831,100
"lifecycle-validation-1790281887271788400-period-02","VWAP",2,0.06087,1,4.779021,-1.077968,1.567831,100
"lifecycle-validation-1790281887271788400-period-02","VOLATILITY",2,0.766304,1,4.779021,-1.077968,1.567831,100
"lifecycle-validation-1790281887271788400-period-02","TIME",2,0.883861,1,4.779021,-1.077968,1.567831,100
